audio,video
audio_only_ID_1,video_only_ID_32
audio_only_ID_10,video_only_ID_31
audio_only_ID_11,video_only_ID_12
audio_only_ID_12,video_only_ID_24
audio_only_ID_13,video_only_ID_18
audio_only_ID_14,video_only_ID_44
audio_only_ID_15,video_only_ID_27
audio_only_ID_16,video_only_ID_17
audio_only_ID_17,video_only_ID_29
audio_only_ID_18,video_only_ID_4
audio_only_ID_19,video_only_ID_25
audio_only_ID_2,video_only_ID_39
audio_only_ID_20,video_only_ID_23
audio_only_ID_21,video_only_ID_26
audio_only_ID_22,video_only_ID_1
audio_only_ID_23,video_only_ID_10
audio_only_ID_24,video_only_ID_19
audio_only_ID_25,video_only_ID_21
audio_only_ID_26,video_only_ID_28
audio_only_ID_27,video_only_ID_40
audio_only_ID_28,video_only_ID_20
audio_only_ID_29,video_only_ID_3
audio_only_ID_3,video_only_ID_43
audio_only_ID_30,video_only_ID_22
audio_only_ID_31,video_only_ID_6
audio_only_ID_32,video_only_ID_37
audio_only_ID_33,video_only_ID_2
audio_only_ID_34,video_only_ID_41
audio_only_ID_35,video_only_ID_8
audio_only_ID_36,video_only_ID_9
audio_only_ID_37,video_only_ID_35
audio_only_ID_38,video_only_ID_30
audio_only_ID_39,video_only_ID_33
audio_only_ID_4,video_only_ID_16
audio_only_ID_40,video_only_ID_36
audio_only_ID_41,video_only_ID_13
audio_only_ID_42,video_only_ID_45
audio_only_ID_43,video_only_ID_34
audio_only_ID_44,video_only_ID_7
audio_only_ID_45,video_only_ID_5
audio_only_ID_5,video_only_ID_11
audio_only_ID_6,video_only_ID_42
audio_only_ID_7,video_only_ID_15
audio_only_ID_8,video_only_ID_14
audio_only_ID_9,video_only_ID_38
