Category,Filename,URL,Resolution
Doggystyle,Doggystyle_0.jpg,https://encrypted-tbn0.gstatic.com/images?q=tbn:ANd9GcSC9jGRq6oZUI1upHvTVxj8D3a_dPmAcgQUP_O8-1MZVTzAhQb7Ug&s,225x225
Doggystyle,Doggystyle_1.jpg,https://encrypted-tbn0.gstatic.com/images?q=tbn:ANd9GcT60UCUpw-_CxAu7Dbd9obg5dtN_0K4k8_M7A&s,225x225
Doggystyle,Doggystyle_2.jpg,https://encrypted-tbn0.gstatic.com/images?q=tbn:ANd9GcT7_vWkoEK2ESQk8mFNH8Lb-qcoAK17qpqgrQ&s,300x168
Doggystyle,Doggystyle_4.jpg,https://encrypted-tbn0.gstatic.com/images?q=tbn:ANd9GcSzL_xwKwKGXD_bADAWDS1miaFpRSoyCetYDg&s,225x225
Doggystyle,Doggystyle_5.jpg,https://encrypted-tbn0.gstatic.com/images?q=tbn:ANd9GcQ2u8tabipeqTofCU6IxnePbFWYt6KrH96qkQ&s,225x225
Doggystyle,Doggystyle_6.jpg,https://encrypted-tbn0.gstatic.com/images?q=tbn:ANd9GcSmfjcdvBJLQ_mAYDBsSrTHp4PBMGRPlinOBYRkLtuDO-IlN1NCpg&s,225x225
Doggystyle,Doggystyle_7.jpg,https://encrypted-tbn0.gstatic.com/images?q=tbn:ANd9GcRUoBIKsrgitGg92RgPR7_NQOo_zIIy0nKwTg&s,224x224
Doggystyle,Doggystyle_8.jpg,https://encrypted-tbn0.gstatic.com/images?q=tbn:ANd9GcR112Zp8V6E__StlimvsZyVxjtes_TqCl1iYw&s,300x168
Doggystyle,Doggystyle_9.jpg,https://encrypted-tbn0.gstatic.com/images?q=tbn:ANd9GcTEMMsD09x7Ar49dNZb148tscg7RzOPpo9a6A&s,289x174
Doggystyle,Doggystyle_11.jpg,https://encrypted-tbn0.gstatic.com/images?q=tbn:ANd9GcSxz7Xh3GdxfWmqPPJTmN8wjI-6VtQFm5-s3g&s,183x275
Doggystyle,Doggystyle_12.jpg,https://encrypted-tbn0.gstatic.com/images?q=tbn:ANd9GcTE69s2hlOL6_H2sWyaq-0lCZZxR4j9zjkxIg&s,225x225
Doggystyle,Doggystyle_13.jpg,https://encrypted-tbn0.gstatic.com/images?q=tbn:ANd9GcSbpE85HPkXMq6E8lC8ARk3cN7KfojRMxsXXg&s,189x266
Doggystyle,Doggystyle_14.jpg,https://encrypted-tbn0.gstatic.com/images?q=tbn:ANd9GcT3sGNho2nT5EWWU5GWn9H8rXn3a1nSVvhD0Q&s,186x271
Doggystyle,Doggystyle_19.jpg,https://encrypted-tbn0.gstatic.com/images?q=tbn:ANd9GcQNVd7KWORqbDzH119BBzFSZWQczdoHu4cwcZYSAbdO4ge61Z6hew&s,188x269
Doggystyle,Doggystyle_20.jpg,https://encrypted-tbn0.gstatic.com/images?q=tbn:ANd9GcQQAfUJtojgQ_y6vvIfZkMprnOC0gTPg0Uz5Q&s,300x168
Doggystyle,Doggystyle_25.jpg,https://encrypted-tbn0.gstatic.com/images?q=tbn:ANd9GcRYUzroWUUD9WBtoNRalGs-ZX5i8MbhwIc8EyxSRwb_oLJP8TdX6Q&s,177x284
Doggystyle,Doggystyle_26.jpg,https://encrypted-tbn0.gstatic.com/images?q=tbn:ANd9GcS51KDfcgDQh6nBddQnOrhD5nvnavOIeInBvA&s,204x247
Doggystyle,Doggystyle_30.jpg,https://encrypted-tbn0.gstatic.com/images?q=tbn:ANd9GcQX93LGUlR_rAzqLlWnA8v_449QBHqX_nSxsA&s,324x156
Doggystyle,Doggystyle_31.jpg,https://encrypted-tbn0.gstatic.com/images?q=tbn:ANd9GcTCkwmT7CIET3N4J0t1IAr4zwR9A-pYXsS6xg&s,225x225
Doggystyle,Doggystyle_32.jpg,https://encrypted-tbn0.gstatic.com/images?q=tbn:ANd9GcTPuOqPUhcCkxqL03LRfKHxIOEiLNc49MIqog&s,179x282
Doggystyle,Doggystyle_33.jpg,https://encrypted-tbn0.gstatic.com/images?q=tbn:ANd9GcQCpYBW9_WLQXzwEDT0sGQDurgnInwAPcuDSg&s,263x192
Doggystyle,Doggystyle_35.jpg,https://encrypted-tbn0.gstatic.com/images?q=tbn:ANd9GcTsbZ2I8xQqpv24WL7GlU7-i3rLhq2-99zSOQ&s,225x225
Doggystyle,Doggystyle_36.jpg,https://encrypted-tbn0.gstatic.com/images?q=tbn:ANd9GcSkt6pM1GLBaQj0lOsRvJQKJEo3p8aSD3wq_w&s,225x225
Doggystyle,Doggystyle_37.jpg,https://encrypted-tbn0.gstatic.com/images?q=tbn:ANd9GcQpCzeY_ohrs-k4Bvn8e5rzTGk6OWHQhe42aw&s,348x145
Doggystyle,Doggystyle_38.jpg,https://encrypted-tbn0.gstatic.com/images?q=tbn:ANd9GcT2HNSqAtDc_fG1f76Ev0eLeMGGUyBJKzHrhw&s,224x224
Doggystyle,Doggystyle_39.jpg,https://encrypted-tbn0.gstatic.com/images?q=tbn:ANd9GcQm4iPcauGCOxvxCDulbJ4yMfU4-dUhLGqf9Q&s,235x215
Doggystyle,Doggystyle_41.jpg,https://encrypted-tbn0.gstatic.com/images?q=tbn:ANd9GcSv_npK4jk6ABIHbsiv_kbxbkbRN2QaBEojXA&s,227x222
Doggystyle,Doggystyle_42.jpg,https://encrypted-tbn0.gstatic.com/images?q=tbn:ANd9GcTue1tPLMjOkkJfnXg6k___Cg-hoIE7ghImVg&s,188x268
Doggystyle,Doggystyle_44.jpg,https://encrypted-tbn0.gstatic.com/images?q=tbn:ANd9GcQI1MVMp1g6jc9C9vRdbIcKve7uDDXe3W7V-Q&s,225x225
Doggystyle,Doggystyle_45.jpg,https://encrypted-tbn0.gstatic.com/images?q=tbn:ANd9GcTS3QtCX5fZxjM7KfzvRZS5nUQB73u9Rz42Ug&s,224x225
Doggystyle,Doggystyle_47.jpg,"https://encrypted-tbn0.gstatic.com/faviconV2?url=https://jojo.fandom.com&client=IMAGE_SEARCH&size=16&type=FAVICON&fallback_opts=TYPE,SIZE,URL",16x16
Doggystyle,Doggystyle_48.jpg,https://encrypted-tbn0.gstatic.com/images?q=tbn:ANd9GcTd7d5JrKjHv0pFeum2hp3utVztw3i0lH7clg&s,275x183
Doggystyle,Doggystyle_49.jpg,https://encrypted-tbn0.gstatic.com/images?q=tbn:ANd9GcRMnZP1n-kEBYKH9TC1_KIJuYWom8-8BcrXOX3yxsNAGri1UWCxzA&s,225x225
